{
  "project_info": {
    "project_number": "23258493600",
    "project_id": "livetracker-fc0b0",
    "storage_bucket": "livetracker-fc0b0.appspot.com"
  },
  "client": [
    {
      "client_info": {
        "mobilesdk_app_id": "1:23258493600:android:cd01429f120c43bc65cfc5",
        "android_client_info": {
          "package_name": "com.example.livetracker"
        }
      },
      "oauth_client": [
        {
          "client_id": "23258493600-k1avnf5j9th87j15huej6re1ev48i5le.apps.googleusercontent.com",
          "client_type": 3
        }
      ],
      "api_key": [
        {
          "current_key": "AIzaSyB0ryW63f-6Rl0rxvlImqOptmPopeH3ffM"
        }
      ],
      "services": {
        "appinvite_service": {
          "other_platform_oauth_client": [
            {
              "client_id": "23258493600-k1avnf5j9th87j15huej6re1ev48i5le.apps.googleusercontent.com",
              "client_type": 3
            }
          ]
        }
      }
    }
  ],
  "configuration_version": "1"
}